Workbook

Sheet User Story Backlog
A1: 📋 AI Inbox Management — User Story Backlog
A2: Epic ID | B2: Epic Name | C2: Story ID | D2: User Story | E2: Business Objective | F2: Acceptance Criteria | G2: Priority | H2: Sprint | I2: Story Points | J2: Status | K2: % Complete
A3: E1 | B3: Inbox Monitoring & Intake | C3: US-E1-01 | D3: As an Inbox Analyst, I want all inbound emails auto-ingested from Gmail and Outlook so that no customer email is ever missed. | E3: Ensure 100% email capture from all source systems within 30 seconds of receipt | F3: ✅ Email ingested within 30 sec ✅ No email missed in 24hr window ✅ Metadata (sender, subject, timestamp) extracted ✅ Source system tagged on each record | G3: High | H3: Sprint 1 | I3: 5 | J3: Not Started | K3: =((('Sub-task Tracker'!H4="Done")*1)+(('Sub-task Tracker'!H5="Done")*1)+(('Sub-task Tracker'!H6="Done")*1)+(('Sub-task Tracker'!H7="Done")*1))/4 -> 0
A4: E1 | B4: Inbox Monitoring & Intake | C4: US-E1-02 | D4: As an Inbox Analyst, I want an automatic acknowledgement sent to every customer so that they know their email was received. | E4: Reduce customer anxiety and set expectation of response time via auto-ACK | F4: ✅ Auto-ACK sent within 5 minutes ✅ Case reference number included ✅ ACK logged against the email record ✅ 100% coverage — no email skipped | G4: High | H4: Sprint 1 | I4: 3 | J4: Not Started | K4: =((('Sub-task Tracker'!H8="Done")*1)+(('Sub-task Tracker'!H9="Done")*1)+(('Sub-task Tracker'!H10="Done")*1))/3 -> 0
A5: E2 | B5: Categorization & Tagging | C5: US-E2-01 | D5: As an Inbox Analyst, I want every email automatically classified by type and priority so that I don't have to manually read and sort each one. | E5: Eliminate manual triage effort and drive consistent, accurate routing through AI classification | F5: ✅ >90% classification accuracy ✅ Confidence score on every email ✅ Low-confidence (<70%) flagged for human review ✅ Tags written to ticketing system within 10 sec | G5: High | H5: Sprint 2 | I5: 8 | J5: Not Started | K5: =((('Sub-task Tracker'!H11="Done")*1)+(('Sub-task Tracker'!H12="Done")*1)+(('Sub-task Tracker'!H13="Done")*1)+(('Sub-task Tracker'!H14="Done")*1)+(('Sub-task Tracker'!H15="Done")*1))/5 -> 0
A6: E2 | B6: Categorization & Tagging | C6: US-E2-02 | D6: As a Team Lead, I want negative or angry emails automatically flagged so that escalation-risk cases are prioritised before they escalate further. | E6: Reduce escalations and protect CSAT by catching at-risk emails in real time | F6: ✅ Sentiment scored on every email (positive/neutral/negative/angry) ✅ Negative sentiment flagged in real time ✅ Escalation-flagged emails jump to top of queue ✅ Slack alert sent to Team Lead within 1 min | G6: High | H6: Sprint 2 | I6: 5 | J6: Not Started | K6: =((('Sub-task Tracker'!H16="Done")*1)+(('Sub-task Tracker'!H17="Done")*1)+(('Sub-task Tracker'!H18="Done")*1)+(('Sub-task Tracker'!H19="Done")*1))/4 -> 0
A7: E3 | B7: Triage & Routing | C7: US-E3-01 | D7: As an Inbox Analyst, I want every email automatically routed to the correct team or queue so that no email lands in the wrong place and time is not wasted. | E7: Achieve 95%+ routing accuracy to reduce mis-routing, rework, and customer wait time | F7: ✅ 95%+ routing accuracy ✅ Mis-routes < 5% ✅ Every routing decision logged with reason ✅ Manual override available to Team Lead ✅ Routing completes within 15 seconds | G7: High | H7: Sprint 3 | I7: 8 | J7: Not Started | K7: =((('Sub-task Tracker'!H20="Done")*1)+(('Sub-task Tracker'!H21="Done")*1)+(('Sub-task Tracker'!H22="Done")*1)+(('Sub-task Tracker'!H23="Done")*1)+(('Sub-task Tracker'!H24="Done")*1))/5 -> 0
A8: E4 | B8: Response Management | C8: US-E4-01 | D8: As an Inbox Analyst, I want AI to draft my email replies so that I only need to review and approve, not write from scratch. | E8: Cut average handling time by 40% through AI-assisted response drafting | F8: ✅ Draft generated in < 5 seconds ✅ Tone is professional (no casual language) ✅ Customer name and case ID included ✅ Analyst can edit before send ✅ Sent email logged to CRM automatically | G8: High | H8: Sprint 4 | I8: 8 | J8: Not Started | K8: =((('Sub-task Tracker'!H25="Done")*1)+(('Sub-task Tracker'!H26="Done")*1)+(('Sub-task Tracker'!H27="Done")*1)+(('Sub-task Tracker'!H28="Done")*1)+(('Sub-task Tracker'!H29="Done")*1))/5 -> 0
A9: E4 | B9: Response Management | C9: US-E4-02 | D9: As a Compliance Officer, I want every outbound email scanned for PII before it is sent so that we never violate HIPAA, GDPR, or SOC 2. | E9: Achieve zero compliance violations in outbound communications | F9: ✅ PII detected 100% before outbound send ✅ PII-containing emails blocked — hard stop ✅ Compliance violation logged immediately ✅ Compliance officer alerted on every block ✅ Zero compliance violations in audit | G9: Critical | H9: Sprint 4 | I9: 5 | J9: Not Started | K9: =((('Sub-task Tracker'!H30="Done")*1)+(('Sub-task Tracker'!H31="Done")*1)+(('Sub-task Tracker'!H32="Done")*1))/3 -> 0
A10: E5 | B10: SLA & Follow-up Management | C10: US-E5-01 | D10: As a Team Lead, I want every email tracked against its SLA deadline so that I can see what is at risk and take action before a breach occurs. | E10: Achieve >95% SLA compliance by proactive alerting, not reactive firefighting | F10: ✅ SLA timer starts at email receipt ✅ Alert fires at 80% of SLA elapsed ✅ Auto-escalation triggers at 100% (breach) ✅ SLA compliance % visible on dashboard ✅ All escalations logged with timestamp | G10: High | H10: Sprint 5 | I10: 5 | J10: Not Started | K10: =((('Sub-task Tracker'!H33="Done")*1)+(('Sub-task Tracker'!H34="Done")*1)+(('Sub-task Tracker'!H35="Done")*1)+(('Sub-task Tracker'!H36="Done")*1)+(('Sub-task Tracker'!H37="Done")*1))/5 -> 0
A11: E6 | B11: Documentation & Audit Trail | C11: US-E6-01 | D11: As a Compliance Officer, I want a complete, tamper-proof audit trail for every email interaction so that we are always audit-ready. | E11: Ensure 100% audit completeness and zero compliance gaps for every email handled | F11: ✅ 100% of emails logged — nothing missed ✅ Log includes timestamp, agent ID, action taken ✅ Attachments archived and linked to case ✅ Searchable by case ID / sender / date range ✅ Export available as PDF or Excel | G11: High | H11: Sprint 5 | I11: 5 | J11: Not Started | K11: =((('Sub-task Tracker'!H38="Done")*1)+(('Sub-task Tracker'!H39="Done")*1)+(('Sub-task Tracker'!H40="Done")*1)+(('Sub-task Tracker'!H41="Done")*1)+(('Sub-task Tracker'!H42="Done")*1))/5 -> 0
A12: E7 | B12: Analytics & Continuous Improvement | C12: US-E7-01 | D12: As an Ops Manager, I want a real-time KPI dashboard so that I can manage team performance and SLA health at a glance. | E12: Give leadership instant visibility across all 6 KPI categories to drive data-driven decisions | F12: ✅ Dashboard refreshes every 5 minutes ✅ All 6 KPI categories visible ✅ Date range filters work ✅ Export to Excel/PDF available ✅ Role-based view (Manager vs Analyst) | G12: Medium | H12: Sprint 6 | I12: 8 | J12: Not Started | K12: =((('Sub-task Tracker'!H43="Done")*1)+(('Sub-task Tracker'!H44="Done")*1)+(('Sub-task Tracker'!H45="Done")*1)+(('Sub-task Tracker'!H46="Done")*1)+(('Sub-task Tracker'!H47="Done")*1))/5 -> 0
A13: E7 | B13: Analytics & Continuous Improvement | C13: US-E7-02 | D13: As an Automation Analyst, I want the system to identify repetitive query patterns weekly so that I can automate them and reduce manual effort. | E13: Reduce manual email handling by 30%+ through data-driven automation identification | F13: ✅ Top 10 repetitive query types surfaced weekly ✅ KB update recommendations auto-generated ✅ Manual effort % tracked month-on-month ✅ Weekly report auto-posted to Slack | G13: Medium | H13: Sprint 6 | I13: 5 | J13: Not Started | K13: =((('Sub-task Tracker'!H48="Done")*1)+(('Sub-task Tracker'!H49="Done")*1)+(('Sub-task Tracker'!H50="Done")*1))/3 -> 0

Sheet Sub-task Tracker
A1: 🔧 Sub-task Tracker — Daily Work Progress
A2: ℹ️ Update Status & Completed Date to track progress. Story % Complete on Sheet 1 updates automatically.
A3: S.No | B3: Epic ID | C3: Epic Name | D3: Story ID | E3: Sub-task ID | F3: Summary | G3: Priority | H3: Status | I3: Assignee | J3: Blocked? | K3: Dependencies | L3: Sprint | M3: Start Date | N3: End Date | O3: Completed Date | P3: Days Left | Q3: Progress Notes | R3: Comments
A4: 1 | B4: E1 | C4: Inbox Monitoring & Intake | D4: US-E1-01 | E4: ST-E1-01 | F4: Connect Gmail via OAuth 2.0 and configure polling | G4: High | H4: Not Started | I4: Sathishkumar | J4: No | L4: Sprint 1 | P4: =IF(O4<>"","✅ Done",IF(N4="","-",MAX(0,N4-TODAY()))) -> -
A5: 2 | B5: E1 | C5: Inbox Monitoring & Intake | D5: US-E1-01 | E5: ST-E1-02 | F5: Connect Outlook via Microsoft Graph API | G5: High | H5: Not Started | I5: Sathishkumar | J5: No | L5: Sprint 1 | P5: =IF(O5<>"","✅ Done",IF(N5="","-",MAX(0,N5-TODAY()))) -> -
A6: 3 | B6: E1 | C6: Inbox Monitoring & Intake | D6: US-E1-01 | E6: ST-E1-03 | F6: Connect Zendesk & Freshdesk ticket ingestion | G6: Medium | H6: Not Started | I6: Sathishkumar | J6: No | L6: Sprint 1 | P6: =IF(O6<>"","✅ Done",IF(N6="","-",MAX(0,N6-TODAY()))) -> -
A7: 4 | B7: E1 | C7: Inbox Monitoring & Intake | D7: US-E1-01 | E7: ST-E1-04 | F7: Build email metadata extraction (sender, subject, body, timestamp) | G7: High | H7: Not Started | I7: Sathishkumar | J7: No | L7: Sprint 1 | P7: =IF(O7<>"","✅ Done",IF(N7="","-",MAX(0,N7-TODAY()))) -> -
A8: 5 | B8: E1 | C8: Inbox Monitoring & Intake | D8: US-E1-02 | E8: ST-E1-05 | F8: Build auto-ACK reply engine with case ID generator | G8: High | H8: Not Started | I8: Sathishkumar | J8: No | L8: Sprint 1 | P8: =IF(O8<>"","✅ Done",IF(N8="","-",MAX(0,N8-TODAY()))) -> -
A9: 6 | B9: E1 | C9: Inbox Monitoring & Intake | D9: US-E1-02 | E9: ST-E1-06 | F9: Store attachments via filesystem-mcp and link to case | G9: Medium | H9: Not Started | I9: Sathishkumar | J9: No | L9: Sprint 1 | P9: =IF(O9<>"","✅ Done",IF(N9="","-",MAX(0,N9-TODAY()))) -> -
A10: 7 | B10: E1 | C10: Inbox Monitoring & Intake | D10: US-E1-02 | E10: ST-E1-07 | F10: Write intake event to audit log (AG-06) | G10: Medium | H10: Not Started | I10: Sathishkumar | J10: No | L10: Sprint 1 | P10: =IF(O10<>"","✅ Done",IF(N10="","-",MAX(0,N10-TODAY()))) -> -
A11: 8 | B11: E2 | C11: Categorization & Tagging | D11: US-E2-01 | E11: ST-E2-01 | F11: Design classification taxonomy (billing/HR/IT/complaint/query/other) | G11: High | H11: Not Started | I11: Sathishkumar | J11: No | L11: Sprint 2 | P11: =IF(O11<>"","✅ Done",IF(N11="","-",MAX(0,N11-TODAY()))) -> -
A12: 9 | B12: E2 | C12: Categorization & Tagging | D12: US-E2-01 | E12: ST-E2-02 | F12: Build Claude API classification prompt with structured JSON output | G12: High | H12: Not Started | I12: Sathishkumar | J12: No | L12: Sprint 2 | P12: =IF(O12<>"","✅ Done",IF(N12="","-",MAX(0,N12-TODAY()))) -> -
A13: 10 | B13: E2 | C13: Categorization & Tagging | D13: US-E2-01 | E13: ST-E2-03 | F13: Implement confidence threshold logic and human-review queue | G13: High | H13: Not Started | I13: Sathishkumar | J13: No | L13: Sprint 2 | P13: =IF(O13<>"","✅ Done",IF(N13="","-",MAX(0,N13-TODAY()))) -> -
A14: 11 | B14: E2 | C14: Categorization & Tagging | D14: US-E2-01 | E14: ST-E2-04 | F14: Write classification tags to Freshdesk/ServiceNow via MCP | G14: Medium | H14: Not Started | I14: Sathishkumar | J14: No | L14: Sprint 2 | P14: =IF(O14<>"","✅ Done",IF(N14="","-",MAX(0,N14-TODAY()))) -> -
A15: 12 | B15: E2 | C15: Categorization & Tagging | D15: US-E2-01 | E15: ST-E2-05 | F15: Build fallback keyword classifier for LLM timeout scenarios | G15: Medium | H15: Not Started | I15: Sathishkumar | J15: No | L15: Sprint 2 | P15: =IF(O15<>"","✅ Done",IF(N15="","-",MAX(0,N15-TODAY()))) -> -
... A50: 47 | B50: E7 | C50: Analytics & Continuous Improvement | D50: US-E7-02 | E50: ST-E7-08 | F50: Auto-post weekly insight report to Slack channel | G50: Medium | H50: Not Started | I50: Sathishkumar | J50: No | L50: Sprint 6 | P50: =IF(O50<>"","✅ Done",IF(N50="","-",MAX(0,N50-TODAY()))) -> -

Sheet Sprint Dashboard
A1: 📊 Sprint Dashboard — Progress at a Glance
A3: Sprint | B3: Dates | C3: Total Stories | D3: Total Sub-tasks | E3: Done | F3: In Progress | G3: Not Started | H3: % Complete
A4: Sprint 1 | B4: 01 Apr – 14 Apr 2026 | C4: 2 | D4: 7 | E4: =COUNTIFS('Sub-task Tracker'!L4:L50,"Sprint 1",'Sub-task Tracker'!H4:H50,"Done") -> 0 | F4: =COUNTIFS('Sub-task Tracker'!L4:L50,"Sprint 1",'Sub-task Tracker'!H4:H50,"In Progress") -> 0 | G4: =COUNTIFS('Sub-task Tracker'!L4:L50,"Sprint 1",'Sub-task Tracker'!H4:H50,"Not Started") -> 7 | H4: =IF(7=0,0,E4/7) -> 0
A5: Sprint 2 | B5: 15 Apr – 28 Apr 2026 | C5: 2 | D5: 9 | E5: =COUNTIFS('Sub-task Tracker'!L4:L50,"Sprint 2",'Sub-task Tracker'!H4:H50,"Done") -> 0 | F5: =COUNTIFS('Sub-task Tracker'!L4:L50,"Sprint 2",'Sub-task Tracker'!H4:H50,"In Progress") -> 0 | G5: =COUNTIFS('Sub-task Tracker'!L4:L50,"Sprint 2",'Sub-task Tracker'!H4:H50,"Not Started") -> 9 | H5: =IF(9=0,0,E5/9) -> 0
A6: Sprint 3 | B6: 29 Apr – 12 May 2026 | C6: 1 | D6: 5 | E6: =COUNTIFS('Sub-task Tracker'!L4:L50,"Sprint 3",'Sub-task Tracker'!H4:H50,"Done") -> 0 | F6: =COUNTIFS('Sub-task Tracker'!L4:L50,"Sprint 3",'Sub-task Tracker'!H4:H50,"In Progress") -> 0 | G6: =COUNTIFS('Sub-task Tracker'!L4:L50,"Sprint 3",'Sub-task Tracker'!H4:H50,"Not Started") -> 5 | H6: =IF(5=0,0,E6/5) -> 0
A7: Sprint 4 | B7: 13 May – 26 May 2026 | C7: 2 | D7: 8 | E7: =COUNTIFS('Sub-task Tracker'!L4:L50,"Sprint 4",'Sub-task Tracker'!H4:H50,"Done") -> 0 | F7: =COUNTIFS('Sub-task Tracker'!L4:L50,"Sprint 4",'Sub-task Tracker'!H4:H50,"In Progress") -> 0 | G7: =COUNTIFS('Sub-task Tracker'!L4:L50,"Sprint 4",'Sub-task Tracker'!H4:H50,"Not Started") -> 8 | H7: =IF(8=0,0,E7/8) -> 0
A8: Sprint 5 | B8: 27 May – 09 Jun 2026 | C8: 2 | D8: 10 | E8: =COUNTIFS('Sub-task Tracker'!L4:L50,"Sprint 5",'Sub-task Tracker'!H4:H50,"Done") -> 0 | F8: =COUNTIFS('Sub-task Tracker'!L4:L50,"Sprint 5",'Sub-task Tracker'!H4:H50,"In Progress") -> 0 | G8: =COUNTIFS('Sub-task Tracker'!L4:L50,"Sprint 5",'Sub-task Tracker'!H4:H50,"Not Started") -> 10 | H8: =IF(10=0,0,E8/10) -> 0
A9: Sprint 6 | B9: 10 Jun – 23 Jun 2026 | C9: 2 | D9: 8 | E9: =COUNTIFS('Sub-task Tracker'!L4:L50,"Sprint 6",'Sub-task Tracker'!H4:H50,"Done") -> 0 | F9: =COUNTIFS('Sub-task Tracker'!L4:L50,"Sprint 6",'Sub-task Tracker'!H4:H50,"In Progress") -> 0 | G9: =COUNTIFS('Sub-task Tracker'!L4:L50,"Sprint 6",'Sub-task Tracker'!H4:H50,"Not Started") -> 8 | H9: =IF(8=0,0,E9/8) -> 0
A12: 📌 OVERALL PROJECT | D12: 47 | E12: =COUNTIF('Sub-task Tracker'!H4:H50,"Done") -> 0 | F12: =COUNTIF('Sub-task Tracker'!H4:H50,"In Progress") -> 0 | G12: =COUNTIF('Sub-task Tracker'!H4:H50,"Not Started") -> 47 | H12: =IF(47=0,0,E12/47) -> 0
A15: 📦 PROGRESS BY EPIC
A16: Epic ID | B16: Epic Name | C16: Stories | D16: Sub-tasks | E16: Done | F16: In Progress | G16: Not Started | H16: % Complete
A17: E1 | B17: Inbox Monitoring & Intake | C17: 2 | D17: 7 | E17: =COUNTIFS('Sub-task Tracker'!B4:B50,"E1",'Sub-task Tracker'!H4:H50,"Done") -> 0 | F17: =COUNTIFS('Sub-task Tracker'!B4:B50,"E1",'Sub-task Tracker'!H4:H50,"In Progress") -> 0 | G17: =COUNTIFS('Sub-task Tracker'!B4:B50,"E1",'Sub-task Tracker'!H4:H50,"Not Started") -> 7 | H17: =IF(7=0,0,E17/7) -> 0
A18: E2 | B18: Categorization & Tagging | C18: 2 | D18: 9 | E18: =COUNTIFS('Sub-task Tracker'!B4:B50,"E2",'Sub-task Tracker'!H4:H50,"Done") -> 0 | F18: =COUNTIFS('Sub-task Tracker'!B4:B50,"E2",'Sub-task Tracker'!H4:H50,"In Progress") -> 0 | G18: =COUNTIFS('Sub-task Tracker'!B4:B50,"E2",'Sub-task Tracker'!H4:H50,"Not Started") -> 9 | H18: =IF(9=0,0,E18/9) -> 0
A19: E3 | B19: Triage & Routing | C19: 1 | D19: 5 | E19: =COUNTIFS('Sub-task Tracker'!B4:B50,"E3",'Sub-task Tracker'!H4:H50,"Done") -> 0 | F19: =COUNTIFS('Sub-task Tracker'!B4:B50,"E3",'Sub-task Tracker'!H4:H50,"In Progress") -> 0 | G19: =COUNTIFS('Sub-task Tracker'!B4:B50,"E3",'Sub-task Tracker'!H4:H50,"Not Started") -> 5 | H19: =IF(5=0,0,E19/5) -> 0
A20: E4 | B20: Response Management | C20: 2 | D20: 8 | E20: =COUNTIFS('Sub-task Tracker'!B4:B50,"E4",'Sub-task Tracker'!H4:H50,"Done") -> 0 | F20: =COUNTIFS('Sub-task Tracker'!B4:B50,"E4",'Sub-task Tracker'!H4:H50,"In Progress") -> 0 | G20: =COUNTIFS('Sub-task Tracker'!B4:B50,"E4",'Sub-task Tracker'!H4:H50,"Not Started") -> 8 | H20: =IF(8=0,0,E20/8) -> 0
A21: E5 | B21: SLA & Follow-up Management | C21: 1 | D21: 5 | E21: =COUNTIFS('Sub-task Tracker'!B4:B50,"E5",'Sub-task Tracker'!H4:H50,"Done") -> 0 | F21: =COUNTIFS('Sub-task Tracker'!B4:B50,"E5",'Sub-task Tracker'!H4:H50,"In Progress") -> 0 | G21: =COUNTIFS('Sub-task Tracker'!B4:B50,"E5",'Sub-task Tracker'!H4:H50,"Not Started") -> 5 | H21: =IF(5=0,0,E21/5) -> 0
A22: E6 | B22: Documentation & Audit Trail | C22: 1 | D22: 5 | E22: =COUNTIFS('Sub-task Tracker'!B4:B50,"E6",'Sub-task Tracker'!H4:H50,"Done") -> 0 | F22: =COUNTIFS('Sub-task Tracker'!B4:B50,"E6",'Sub-task Tracker'!H4:H50,"In Progress") -> 0 | G22: =COUNTIFS('Sub-task Tracker'!B4:B50,"E6",'Sub-task Tracker'!H4:H50,"Not Started") -> 5 | H22: =IF(5=0,0,E22/5) -> 0
A23: E7 | B23: Analytics & Continuous Improvement | C23: 2 | D23: 8 | E23: =COUNTIFS('Sub-task Tracker'!B4:B50,"E7",'Sub-task Tracker'!H4:H50,"Done") -> 0 | F23: =COUNTIFS('Sub-task Tracker'!B4:B50,"E7",'Sub-task Tracker'!H4:H50,"In Progress") -> 0 | G23: =COUNTIFS('Sub-task Tracker'!B4:B50,"E7",'Sub-task Tracker'!H4:H50,"Not Started") -> 8 | H23: =IF(8=0,0,E23/8) -> 0

Sheet MCP Tools Map
A1: MCP Tools — Master Reference Map
A2: MCP Tool | B2: Category | C2: Purpose | D2: Used In Epics | E2: Notes
A3: gmail-mcp | B3: Email Integration | C3: Ingest & send emails via Gmail | D3: E1, E4 | E3: OAuth 2.0 required
A4: outlook-mcp | B4: Email Integration | C4: Ingest & send emails via Outlook/O365 | D4: E1, E4 | E4: Microsoft Graph API
A5: zendesk-mcp | B5: Ticketing | C5: Ingest tickets from Zendesk inbox | D5: E1 | E5: Zendesk API key required
A6: freshdesk-mcp | B6: Ticketing | C6: Tag, route, and update tickets in Freshdesk | D6: E1, E2, E3 | E6: Freshdesk API key required
A7: servicenow-mcp | B7: Ticketing / ITSM | C7: Route and manage IT/HR tickets | D7: E2, E3 | E7: ServiceNow instance URL needed
A8: jira-mcp | B8: Project Management | C8: Create and assign Jira issues for routed tickets | D8: E3 | E8: Jira Cloud or Server
A9: anthropic-claude-mcp | B9: AI / LLM | C9: Classification, sentiment, response drafting, pattern analysis | D9: E2, E4, E7 | E9: Claude Sonnet recommended
A10: postgres-mcp | B10: Database | C10: Store logs, SLA timers, audit trail, KPI data | D10: E2, E3, E5, E6, E7 | E10: Structured data backbone
A11: slack-mcp | B11: Notifications | C11: Send real-time alerts for escalations, sentiment flags | D11: E2, E5, E7 | E11: Slack webhook or Bot token
A12: crm-mcp | B12: CRM | C12: Fetch customer history for personalized responses | D12: E4 | E12: Salesforce / HubSpot
A13: salesforce-mcp | B13: CRM / Audit | C13: Log interactions and audit trail to Salesforce | D13: E6 | E13: Salesforce connected app
... A16: google-sheets-mcp | B16: Analytics / Export | C16: Export KPI data and reports to Google Sheets | D16: E7 | E16: Google Service Account

Sheet KPI Metrics Framework
A1: Inbox Management — KPI & Metrics Framework
A2: Category | B2: KPI / Metric | C2: Definition | D2: Target / Benchmark | E2: Frequency | F2: Owner
A3: Volume & Productivity | B3: Emails Received / Day | C3: Total inbound emails per day | D3: Track baseline | E3: Daily | F3: Ops Manager
A4: Volume & Productivity | B4: Emails Processed / Agent | C4: Emails handled per agent per day | D4: >80/agent/day | E4: Daily | F4: Team Lead
A5: Volume & Productivity | B5: Average Handling Time (AHT) | C5: Avg time to fully resolve one email | D5: < 8 min | E5: Daily | F5: Team Lead
A6: Volume & Productivity | B6: Backlog Volume | C6: Open unresolved emails at end of day | D6: < 5% of daily volume | E6: Daily | F6: Team Lead
A7: SLA & Timeliness | B7: First Response Time (FRT) | C7: Time from email receipt to first reply | D7: < 2 hours | E7: Real-time | F7: Team Lead
A8: SLA & Timeliness | B8: SLA Compliance % | C8: % emails resolved within SLA window | D8: > 95% | E8: Daily | F8: Team Lead
A9: SLA & Timeliness | B9: Escalation Rate | C9: % emails escalated beyond L1 | D9: < 10% | E9: Weekly | F9: Team Lead
A10: SLA & Timeliness | B10: Aging of Open Emails | C10: Emails open beyond SLA threshold | D10: 0 breaches | E10: Real-time | F10: Team Lead
A11: Quality | B11: First Contact Resolution (FCR) | C11: % queries resolved without follow-up | D11: > 85% | E11: Weekly | F11: QA Analyst
A12: Quality | B12: Re-open Rate | C12: % closed emails reopened by customer | D12: < 5% | E12: Weekly | F12: QA Analyst
A13: Quality | B13: Error Rate | C13: % wrong routing or wrong responses | D13: < 2% | E13: Weekly | F13: QA Analyst
... A24: Automation & Efficiency | B24: Cost Per Email | C24: Total ops cost divided by emails handled | D24: Track & reduce | E24: Monthly | F24: Ops Manager

Sheet Roles & Responsibilities
A1: Inbox Management Team — Roles & Responsibilities
A2: Role | B2: Level | C2: Key Responsibilities | D2: Epics Involved | E2: KPIs Owned | F2: Tools Used
A3: Inbox Analyst / Executive | B3: L1 | C3: • Email monitoring & intake • Basic categorization • Standard template responses • Ticket logging | D3: E1, E2, E3, E4 | E3: AHT, FRT, Emails Processed/Agent | F3: Gmail, Outlook, Zendesk, Freshdesk
A4: Senior Analyst | B4: L2 | C4: • Complex query handling • Escalation management • Personalized response drafting • L1 support & coaching | D4: E3, E4, E5 | E4: FCR, Re-open Rate, Escalation Rate | F4: Claude AI Draft Tool, CRM, ServiceNow
A5: Team Lead | B5: Manager | C5: • SLA management & monitoring • Workload balancing across team • Escalation decision-making • Daily KPI reviews | D5: E5, E6, E7 | E5: SLA Compliance %, Backlog, CSAT | F5: SLA Dashboard, Slack Alerts, KPI Dashboard
A6: QA / Compliance Analyst | B6: Specialist | C6: • Response quality audits • Compliance checks (HIPAA/GDPR) • Audit trail review • QA scoring | D6: E4, E6 | E6: QA Score %, Error Rate, Compliance % | F6: Audit Log Tool, Postgres, Compliance Dashboard
A7: Automation / Ops Analyst | B7: Specialist | C7: • AI classification tuning • Process optimization • Automation opportunity identification • Cost per email tracking | D7: E2, E7 | E7: % Auto-Classified, Manual Effort Reduction, Cost/Email | F7: Claude MCP, Postgres, Analytics Dashboard
A8: Ops Manager | B8: Leadership | C8: • Team performance oversight • Client SLA governance • Continuous improvement steering • Reporting to stakeholders | D8: E5, E6, E7 | E8: CSAT, SLA Compliance %, Cost Per Email | F8: Executive Dashboard, Google Sheets Export
